title,psalm_subtitle,psalm_id,psalm_page,psalm_step,psalm_tags,psalm_capo,psalm_audio,psalm_html,psalm_text
"A GRANDIOSE SIGN","","163","282","ele","","0","https://aleyoscar.com/audio/en-us/a-grandiose-sign.mp3","<div class='column'></div>","a grandiose sign"
"A HOMILY OF MELITO OF SARDIS","","160","284","con","pan","0","https://aleyoscar.com/audio/en-us/a-homily-of-melito-of-sardis.mp3","<div class='column'></div>","sardis a of homily melito"
"A SHOOT SPRINGS UP FROM THE STOCK OF JESSE","","162","120","pre","","0","https://aleyoscar.com/audio/en-us/a-shoot-springs-up-from-the-stock-of-jesse.mp3","<div class='column'></div>","springs a from stock of jesse up the shoot"
"ABBA, ABBA, FATHER","","193","30","lit","hym","0","https://aleyoscar.com/audio/en-us/abba-abba-father.mp3","<div class='column'></div>","abba father"
"ABBA FATHER","","7","45-2","pre","","0","https://aleyoscar.com/audio/en-us/abba-father.mp3","<div class='column'></div>","abba father"
"ABRAHAM","","8","54","pre","","0","https://aleyoscar.com/audio/en-us/abraham.mp3","<div class='column'></div>","abraham"
"ACCLAIM THE LORD","","9","79-1","pre","","0","https://aleyoscar.com/audio/en-us/acclaim-the-lord.mp3","<div class='column'></div>","acclaim the lord"
"ACCLAMATION TO THE GOSPEL DURING LENT","","182","26-2","lit","ord","0","https://aleyoscar.com/audio/en-us/acclamation-to-the-gospel-during-lent.mp3","<div class='column'></div>","during to gospel acclamation the lent"
"AKEDA","","19","222","cat","var","0","https://aleyoscar.com/audio/en-us/akeda.mp3","<div class='column'></div>","akeda"
"ALLELUIA, HERE COMES THE KINGDOM","","15","45-1","pre","","0","https://aleyoscar.com/audio/en-us/alleluia-here-comes-the-kingdom.mp3","<div class='column'></div>","here kingdom alleluia the comes"
"ALLELUIA IN LECTIONARY","","180","25","lit","ord","0","https://aleyoscar.com/audio/en-us/alleluia-in-lectionary.mp3","<div class='column'></div>","lectionary alleluia in"
"ALLELUIA, PRAISE GOD","","13","43","pre","","0","https://aleyoscar.com/audio/en-us/alleluia-praise-god.mp3","<div class='column'></div>","god alleluia praise"
"AMEN, AMEN, AMEN","","17","72","pre","","0","https://aleyoscar.com/audio/en-us/amen-amen-amen.mp3","<div class='column'></div>","amen"
"ANSWERS TO THE UNIVERSAL PRAYER","","179","26-3","lit","var","0","https://aleyoscar.com/audio/en-us/answers-to-the-universal-prayer.mp3","<div class='column'></div>","answers to universal the prayer"
"AS HONEY DRIPS","","239","278","ele","sal","0","https://aleyoscar.com/audio/en-us/as-honey-drips.mp3","<div class='column'></div>","honey as drips"
"AS MEN CONDEMNED TO DEATH","","37","264","ele","","0","https://aleyoscar.com/audio/en-us/as-men-condemned-to-death.mp3","<div class='column'></div>","to men condemned as death"
"BECAUSE OF MY BROTHERS AND FRIENDS","","132","74","pre","","0","https://aleyoscar.com/audio/en-us/because-of-my-brothers-and-friends.mp3","<div class='column'></div>","my of brothers friends because and"
"BEFORE THE ANGELS","","49","88","pre","","0","https://aleyoscar.com/audio/en-us/before-the-angels.mp3","<div class='column'></div>","before the angels"
"BEHOLD I'M COMING SOON","","82","53-1","pre","","0","https://aleyoscar.com/audio/en-us/behold-im-coming-soon.mp3","<div class='column'></div>","coming im behold soon"
"BEHOLD OUR MIRROR","","226","210-2","cat","sal","0","https://aleyoscar.com/audio/en-us/behold-our-mirror.mp3","<div class='column'></div>","mirror behold our"
"BESIDE THE RIVERS OF BABYLON","","23","60","pre","","0","https://aleyoscar.com/audio/en-us/beside-the-rivers-of-babylon.mp3","<div class='column'></div>","of rivers beside the babylon"
"BLESS THE LORD MY SOUL","","26","34","pre","","0","https://aleyoscar.com/audio/en-us/bless-the-lord-my-soul.mp3","<div class='column'></div>","my bless lord the soul"
"BLESS THE LORD","","14","99","pre","lib","0","https://aleyoscar.com/audio/en-us/bless-the-lord.mp3","<div class='column'></div>","the bless lord"
"BLESSED BE GOD","","29","212","cat","","0","https://aleyoscar.com/audio/en-us/blessed-be-god.mp3","<div class='column'></div>","god blessed be"
"BLESSED MARY","","27","106-1","pre","vir","0","https://aleyoscar.com/audio/en-us/blessed-mary.mp3","<div class='column'></div>","blessed mary"
"BLESSING FOR THE PENITENTIAL CELEBRATION","","185","3","lit","poe","0","https://aleyoscar.com/audio/en-us/blessing-for-the-penitential-celebration.mp3","<div class='column'></div>","for penitential blessing the celebration"
"BLESSING OF THE WATER OF THE BAPTISMAL FONT","","183","10","lit","pas","0","https://aleyoscar.com/audio/en-us/blessing-of-the-water-of-the-baptismal-font.mp3","<div class='column'></div>","of water blessing font baptismal the"
"BROTHERS","","2","293","ele","","0","https://aleyoscar.com/audio/en-us/brothers.mp3","<div class='column'></div>","brothers"
"CANTICLE OF THE THREE YOUNG MEN IN THE FURNACE - 1ST PART","","28","40","pre","","0","https://aleyoscar.com/audio/en-us/canticle-of-the-three-young-men-in-the-furnace-1st-part.mp3","<div class='column'></div>","young of three men the canticle furnace part 1st in"
"CANTICLE OF THE THREE YOUNG MEN IN THE FURNACE - 2ND PART","","33","41","pre","","0","https://aleyoscar.com/audio/en-us/canticle-of-the-three-young-men-in-the-furnace-2nd-part.mp3","<div class='column'></div>","young of three 2nd men the canticle furnace part in"
"CANTICLE OF TOBIT: BLESS MY SOUL THE LORD","","94","89","pre","","0","https://aleyoscar.com/audio/en-us/canticle-of-tobit-bless-my-soul-the-lord.mp3","<div class='column'></div>","my of bless lord the canticle tobit soul"
"CANTICLE OF ZECHARIAH","","30","49","pre","hym","0","https://aleyoscar.com/audio/en-us/canticle-of-zechariah.mp3","<div class='column'></div>","zechariah of canticle"
"CARITAS CHRISTI","","35","286","ele","","0","https://aleyoscar.com/audio/en-us/caritas-christi.mp3","<div class='column'></div>","christi caritas"
"CARMEN '63","","36","285","ele","var","0","https://aleyoscar.com/audio/en-us/carmen-63.mp3","<div class='column'></div>","63 carmen"
"CHRIST JESUS IS THE LORD - HYMN TO THE KENOSIS","","87","63","pre","","0","https://aleyoscar.com/audio/en-us/christ-jesus-is-the-lord-hymn-to-the-kenosis.mp3","<div class='column'></div>","christ jesus to lord the is hymn kenosis"
"COME FROM LEBANON","","166","269","ele","","0","https://aleyoscar.com/audio/en-us/come-from-lebanon.mp3","<div class='column'></div>","come from lebanon"
"COME, SON OF MAN","","168","53-2","pre","","0","https://aleyoscar.com/audio/en-us/come-son-of-man.mp3","<div class='column'></div>","man come of son"
"COME TO ME ALL OF YOU","","135","95","pre","","0","https://aleyoscar.com/audio/en-us/come-to-me-all-of-you.mp3","<div class='column'></div>","of to all you come me"
"CONSOLE MY PEOPLE","","41","92-1","pre","","0","https://aleyoscar.com/audio/en-us/console-my-people.mp3","<div class='column'></div>","my console people"
"CREED","","187","29","lit","hym","0","https://aleyoscar.com/audio/en-us/creed.mp3","<div class='column'></div>","creed"
"DAUGHTERS OF JERUSALEM","","84","100","pre","","0","https://aleyoscar.com/audio/en-us/daughters-of-jerusalem.mp3","<div class='column'></div>","jerusalem of daughters"
"DAY OF REST","","50","92-2","pre","heb","0","https://aleyoscar.com/audio/en-us/day-of-rest.mp3","<div class='column'></div>","rest day of"
"DAYENU","","45","68","pre","heb","0","https://aleyoscar.com/audio/en-us/dayenu.mp3","<div class='column'></div>","dayenu"
"DE PROFUNDIS","","47","33","pre","","0","https://aleyoscar.com/audio/en-us/de-profundis.mp3","<div class='column'></div>","de profundis"
"DEATH IS SWALLOWED UP IN VICTORY","","127","50","pre","","0","https://aleyoscar.com/audio/en-us/death-is-swallowed-up-in-victory.mp3","<div class='column'></div>","victory up in swallowed is death"
"DO NOT GET ANGRY BECAUSE OF THE WICKED","","231","261","ele","","0","https://aleyoscar.com/audio/en-us/do-not-get-angry-because-of-the-wicked.mp3","<div class='column'></div>","of get wicked do because the not angry"
"DO NOT RESIST EVIL","","230","266","ele","","0","https://aleyoscar.com/audio/en-us/do-not-resist-evil.mp3","<div class='column'></div>","do not resist evil"
"DOXOLOGY","","251","23","lit","ord","0","https://aleyoscar.com/audio/en-us/doxology.mp3","<div class='column'></div>","doxology"
"EASTER ALLELUIA","","181","26-1","lit","pas","0","https://aleyoscar.com/audio/en-us/easter-alleluia.mp3","<div class='column'></div>","alleluia easter"
"ELI, ELI, LAMA SABACTANI?","","63","214","cat","","0","https://aleyoscar.com/audio/en-us/eli-eli-lama-sabactani.mp3","<div class='column'></div>","sabactani eli lama"
"EUCHARISTIC PRAYER II - 1 PREFACE","","194","8","lit","ord","0","https://aleyoscar.com/audio/en-us/eucharistic-prayer-ii-1-preface.mp3","<div class='column'></div>","eucharistic 1 preface prayer ii"
"EUCHARISTIC PRAYER II - 2 CONSECRATION AND ACCLAMATION","","252","22","lit","ord","0","https://aleyoscar.com/audio/en-us/eucharistic-prayer-ii-2-consecration-and-acclamation.mp3","<div class='column'></div>","eucharistic consecration acclamation and prayer ii 2"
"EUCHARISTIC PRAYER II - 2 PREFACE","","197","21","lit","ord","0","https://aleyoscar.com/audio/en-us/eucharistic-prayer-ii-2-preface.mp3","<div class='column'></div>","eucharistic preface prayer ii 2"
"EVENU SHALOM ALEHEM","","73","44-2","pre","heb","0","https://aleyoscar.com/audio/en-us/evenu-shalom-alehem.mp3","<div class='column'></div>","shalom evenu alehem"
"EXULT, YOU JUST IN THE LORD","","75","126","pre","","0","https://aleyoscar.com/audio/en-us/exult-you-just-in-the-lord.mp3","<div class='column'></div>","exult just you lord the in"
"EXULTET","","206","12","lit","pas","0","https://aleyoscar.com/audio/en-us/exultet.mp3","<div class='column'></div>","exultet"
"FIRST SONG OF THE SERVANT OF YAHWEH","","81","138","pre","","0","https://aleyoscar.com/audio/en-us/first-song-of-the-servant-of-yahweh.mp3","<div class='column'></div>","of yahweh song the servant first"
"FROM A HYMN OF ROMAN THE MELODIST","","40","147","pre","pan","0","https://aleyoscar.com/audio/en-us/from-a-hymn-of-roman-the-melodist.mp3","<div class='column'></div>","a from roman of the hymn melodist"
"GATES LIFT UP YOUR HEADS","","16","58","pre","","0","https://aleyoscar.com/audio/en-us/gates-lift-up-your-heads.mp3","<div class='column'></div>","lift gates your up heads"
"GIVE THANKS TO THE LORD","","77","39","pre","","0","https://aleyoscar.com/audio/en-us/give-thanks-to-the-lord.mp3","<div class='column'></div>","thanks give to lord the"
"GLORY, GLORY, GLORY","","177","125","pre","","0","https://aleyoscar.com/audio/en-us/glory-glory-glory.mp3","<div class='column'></div>","glory"
"GLORY TO GOD","","188","4","lit","ord","0","https://aleyoscar.com/audio/en-us/glory-to-god.mp3","<div class='column'></div>","to god glory"
"GO AND ANNOUNCE TO MY BROTHERS","","92","131","pre","","0","https://aleyoscar.com/audio/en-us/go-and-announce-to-my-brothers.mp3","<div class='column'></div>","my brothers to go announce and"
"GOD GOES UP WITH ACCLAMATIONS","","157","85-2","pre","","0","https://aleyoscar.com/audio/en-us/god-goes-up-with-acclamations.mp3","<div class='column'></div>","acclamations up god with goes"
"GRACE BEFORE MEALS","","250","27-1","lit","var","0","https://aleyoscar.com/audio/en-us/grace-before-meals.mp3","<div class='column'></div>","before meals grace"
"HAIL MARY - 1984","","22","64-2","pre","hym|vir","0","https://aleyoscar.com/audio/en-us/hail-mary-1984.mp3","<div class='column'></div>","mary 1984 hail"
"HAIL MARY","","21","64-1","pre","hym|vir","0","https://aleyoscar.com/audio/en-us/hail-mary.mp3","<div class='column'></div>","mary hail"
"HAIL, O MARY, UNCORRUPT DOVE","","130","143","pre","vir","0","https://aleyoscar.com/audio/en-us/hail-o-mary-uncorrupt-dove.mp3","<div class='column'></div>","dove mary o uncorrupt hail"
"HAIL QUEEN OF HEAVENS","","144","106-2","pre","hym|vir","0","https://aleyoscar.com/audio/en-us/hail-queen-of-heavens.mp3","<div class='column'></div>","queen heavens of hail"
"HAPPINESS FOR THE MAN","","76","114","pre","","0","https://aleyoscar.com/audio/en-us/happiness-for-the-man.mp3","<div class='column'></div>","man for happiness the"
"HAPPY THE MAN","","52","112","pre","","0","https://aleyoscar.com/audio/en-us/happy-the-man.mp3","<div class='column'></div>","man the happy"
"HAVE MERCY ON ME, GOD, IN YOUR KINDNESS","","117","61","pre","","0","https://aleyoscar.com/audio/en-us/have-mercy-on-me-god-in-your-kindness.mp3","<div class='column'></div>","your god have on kindness me mercy in"
"HE IS NOT HERE, HE IS RISEN","","120","137","pre","","0","https://aleyoscar.com/audio/en-us/he-is-not-here-he-is-risen.mp3","<div class='column'></div>","here risen is not he"
"HE ROSE FROM DEATH","","142","31","pre","","0","https://aleyoscar.com/audio/en-us/he-rose-from-death.mp3","<div class='column'></div>","rose from death he"
"HERE COMES THE LORD WITH MAJESTY ENROBED","","170","91","pre","var","0","https://aleyoscar.com/audio/en-us/here-comes-the-lord-with-majesty-enrobed.mp3","<div class='column'></div>","enrobed here lord the with comes majesty"
"HE'S COMING MY GOD","","174","71-2","pre","lib","0","https://aleyoscar.com/audio/en-us/hes-coming-my-god.mp3","<div class='column'></div>","coming god my hes"
"HOLY, HE'S HOLY - LENTEN SEASON","","215","5-1","lit","heb|ord","0","https://aleyoscar.com/audio/en-us/holy-hes-holy-lenten-season.mp3","<div class='column'></div>","season holy lenten hes"
"HOLY, HOLY, HOLY - 1983","","218","7-2","lit","ord","0","https://aleyoscar.com/audio/en-us/holy-holy-holy-1983.mp3","<div class='column'></div>","holy 1983"
"HOLY, HOLY, HOLY - ADVENT: HOLY OF THE SHANTY TOWN","","214","6-1","lit","ord","0","https://aleyoscar.com/audio/en-us/holy-holy-holy-advent-holy-of-the-shanty-town.mp3","<div class='column'></div>","of holy the town shanty advent"
"HOLY, HOLY, HOLY - EASTER: HOSANNA OF THE PALMS","","216","6-2","lit","pas|ord","0","https://aleyoscar.com/audio/en-us/holy-holy-holy-easter-hosanna-of-the-palms.mp3","<div class='column'></div>","of easter palms holy the hosanna"
"HOLY, HOLY, HOLY - ORDINARY TIME - 1988","","219","7-1","lit","ord","0","https://aleyoscar.com/audio/en-us/holy-holy-holy-ordinary-time-1988.mp3","<div class='column'></div>","1988 holy ordinary time"
"HOLY, HOLY, HOLY - ORDINARY TIME","","217","5-2","lit","ord","0","https://aleyoscar.com/audio/en-us/holy-holy-holy-ordinary-time.mp3","<div class='column'></div>","holy ordinary time"
"HOW GOOD IT IS","","38","37","pre","","0","https://aleyoscar.com/audio/en-us/how-good-it-is.mp3","<div class='column'></div>","how is it good"
"HOW LOVELY ARE YOUR DWELLING PLACES","","136","90","pre","","0","https://aleyoscar.com/audio/en-us/how-lovely-are-your-dwelling-places.mp3","<div class='column'></div>","your are how dwelling lovely places"
"HOW MUCH LONGER","","80","35-1","pre","","0","https://aleyoscar.com/audio/en-us/how-much-longer.mp3","<div class='column'></div>","how longer much"
"HYMN FOR LAUDS OF ADVENT AFTER DECEMBER 16","","253","15-2","lit","hym","0","https://aleyoscar.com/audio/en-us/hymn-for-lauds-of-advent-after-december-16.mp3","<div class='column'></div>","december for of 16 after hymn advent lauds"
"HYMN FOR LAUDS OF ADVENT UNTIL DECEMBER 16","","254","15-1","lit","hym","0","https://aleyoscar.com/audio/en-us/hymn-for-lauds-of-advent-until-december-16.mp3","<div class='column'></div>","december for of 16 until hymn advent lauds"
"HYMN FOR LAUDS OF PENTECOST","","255","19","lit","hym","0","https://aleyoscar.com/audio/en-us/hymn-for-lauds-of-pentecost.mp3","<div class='column'></div>","for of pentecost hymn lauds"
"HYMN FOR VESPERS FROM EASTER TO THE ASCENSION","","237","16-2","lit","hym","0","https://aleyoscar.com/audio/en-us/hymn-for-vespers-from-easter-to-the-ascension.mp3","<div class='column'></div>","for from easter to vespers the hymn ascension"
"HYMN OF ADVENT","","88","70-1","pre","hym","0","https://aleyoscar.com/audio/en-us/hymn-of-advent.mp3","<div class='column'></div>","hymn of advent"
"HYMN OF LAUDS FROM EASTER TO THE ASCENSION","","256","16-1","lit","hym","0","https://aleyoscar.com/audio/en-us/hymn-of-lauds-from-easter-to-the-ascension.mp3","<div class='column'></div>","from of easter to the hymn ascension lauds"
"HYMN OF PASSOVER","","90","70-2","pre","hym","0","https://aleyoscar.com/audio/en-us/hymn-of-passover.mp3","<div class='column'></div>","passover hymn of"
"HYMN OF VESPERS FROM ASCENSION TO PENTECOST","","169","18","lit","hym","0","https://aleyoscar.com/audio/en-us/hymn-of-vespers-from-ascension-to-pentecost.mp3","<div class='column'></div>","from of pentecost to vespers hymn ascension"
"HYMN OF VESPERS ON THE DAY OF ASCENSION - HYMN OF LAUDS FROM ASCENSION TILL PENTECOST","","89","17","lit","hym","0","https://aleyoscar.com/audio/en-us/hymn-of-vespers-on-the-day-of-ascension-hymn-of-lauds-from-ascension-till-pentecost.mp3","<div class='column'></div>","from of pentecost vespers day the till on hymn ascension lauds"
"HYMN TO CHARITY","","86","262","ele","","0","https://aleyoscar.com/audio/en-us/hymn-to-charity.mp3","<div class='column'></div>","to charity hymn"
"HYMN TO CHRIST LIGHT","","85","149","pre","var","0","https://aleyoscar.com/audio/en-us/hymn-to-christ-light.mp3","<div class='column'></div>","to hymn christ light"
"HYMN TO THE GLORIOUS CROSS","","227","219","cat","var","0","https://aleyoscar.com/audio/en-us/hymn-to-the-glorious-cross.mp3","<div class='column'></div>","to the hymn cross glorious"
"HYMN TO THE HOLY SPIRIT","","68","148","pre","var","0","https://aleyoscar.com/audio/en-us/hymn-to-the-holy-spirit.mp3","<div class='column'></div>","to spirit holy the hymn"
"I CALL UPON YOU","","158","122","pre","","0","https://aleyoscar.com/audio/en-us/i-call-upon-you.mp3","<div class='column'></div>","i upon call you"
"I HOPED, I HOPED IN THE LORD","","83","75","pre","","0","https://aleyoscar.com/audio/en-us/i-hoped-i-hoped-in-the-lord.mp3","<div class='column'></div>","hoped lord the i in"
"I LIFT UP MY EYES TO THE MOUNTAINS","","105","66","pre","","0","https://aleyoscar.com/audio/en-us/i-lift-up-my-eyes-to-the-mountains.mp3","<div class='column'></div>","my lift mountains to up the i eyes"
"I LOVE THE LORD","","18","94","pre","","0","https://aleyoscar.com/audio/en-us/i-love-the-lord.mp3","<div class='column'></div>","love the i lord"
"I LOVE YOU, LORD","","176","128","pre","","0","https://aleyoscar.com/audio/en-us/i-love-you-lord.mp3","<div class='column'></div>","love i you lord"
"I MANIFESTED TO YOU MY SIN","","159","101","pre","","0","https://aleyoscar.com/audio/en-us/i-manifested-to-you-my-sin.mp3","<div class='column'></div>","my manifested to you sin i"
"I SHALL NOT DIE","","71","82","pre","","0","https://aleyoscar.com/audio/en-us/i-shall-not-die.mp3","<div class='column'></div>","not i die shall"
"I STRETCHED OUT MY HANDS","","74","283","con","pan","0","https://aleyoscar.com/audio/en-us/i-stretched-out-my-hands.mp3","<div class='column'></div>","my hands out stretched i"
"I WANT TO GO TO JERUSALEM","","140","217-2","cat","heb","0","https://aleyoscar.com/audio/en-us/i-want-to-go-to-jerusalem.mp3","<div class='column'></div>","want to i jerusalem go"
"I WANT TO SING","","141","76","pre","","0","https://aleyoscar.com/audio/en-us/i-want-to-sing.mp3","<div class='column'></div>","to want i sing"
"I WILL BLESS THE LORD AT ALL TIMES","","25","109","pre","","0","https://aleyoscar.com/audio/en-us/i-will-bless-the-lord-at-all-times.mp3","<div class='column'></div>","will all times bless lord at the i"
"I WILL TAKE YOU FROM THE PEOPLES","","129","139","pre","","0","https://aleyoscar.com/audio/en-us/i-will-take-you-from-the-peoples.mp3","<div class='column'></div>","peoples from will you the i take"
"IF IN THE LORD I HAVE TAKEN REFUGE","","153","97","pre","","0","https://aleyoscar.com/audio/en-us/if-in-the-lord-i-have-taken-refuge.mp3","<div class='column'></div>","if refuge lord taken the i have in"
"IF THE LORD DOES NOT BUILD THE HOUSE","","150","73","pre","","0","https://aleyoscar.com/audio/en-us/if-the-lord-does-not-build-the-house.mp3","<div class='column'></div>","does if lord the house not build"
"IF TODAY YOU LISTEN TO HIS VOICE","","152","67","pre","","0","https://aleyoscar.com/audio/en-us/if-today-you-listen-to-his-voice.mp3","<div class='column'></div>","listen to if you his today voice"
"IF YOU ARE RISEN WITH CHRIST","","151","144","pre","","0","https://aleyoscar.com/audio/en-us/if-you-are-risen-with-christ.mp3","<div class='column'></div>","christ are if you risen with"
"IN HIM THERE IS NO BEAUTY","","121","273","con","pan","0","https://aleyoscar.com/audio/en-us/in-him-there-is-no-beauty.mp3","<div class='column'></div>","no him there beauty is in"
"IN THE MIDST OF A GREAT CROWD","","64","141","pre","","0","https://aleyoscar.com/audio/en-us/in-the-midst-of-a-great-crowd.mp3","<div class='column'></div>","a great of the midst crowd in"
"INVOCATION OF THE HOLY SPIRIT","","257","26-4","lit","var","0","https://aleyoscar.com/audio/en-us/invocation-of-the-holy-spirit.mp3","<div class='column'></div>","of spirit holy the invocation"
"JACOB","","228","204","cat","","0","https://aleyoscar.com/audio/en-us/jacob.mp3","<div class='column'></div>","jacob"
"JESUS WENT THROUGH ALL THE TOWNS","","95","265","ele","","0","https://aleyoscar.com/audio/en-us/jesus-went-through-all-the-towns.mp3","<div class='column'></div>","towns went jesus all through the"
"LAMB OF GOD","","186","24","lit","ord","0","https://aleyoscar.com/audio/en-us/lamb-of-god.mp3","<div class='column'></div>","lamb of god"
"LAMENTATION OF THE LORD","","93","104","pre","var","0","https://aleyoscar.com/audio/en-us/lamentation-of-the-lord.mp3","<div class='column'></div>","the of lamentation lord"
"LET GOD ARISE","","31","115","pre","","0","https://aleyoscar.com/audio/en-us/let-god-arise.mp3","<div class='column'></div>","arise god let"
"LET HIM KISS ME","","55","267","ele","","0","https://aleyoscar.com/audio/en-us/let-him-kiss-me.mp3","<div class='column'></div>","me him kiss let"
"LIKE A DOE YEARNS","","39","78","pre","","0","https://aleyoscar.com/audio/en-us/like-a-doe-yearns.mp3","<div class='column'></div>","a yearns like doe"
"LONE TO ALONE","","155","140","pre","vir","0","https://aleyoscar.com/audio/en-us/lone-to-alone.mp3","<div class='column'></div>","lone to alone"
"LOOK HOW IT IS GOOD","","116","38","pre","heb","0","https://aleyoscar.com/audio/en-us/look-how-it-is-good.mp3","<div class='column'></div>","good it how look is"
"LORD, LISTEN TO MY PRAYER","","161","136","pre","","0","https://aleyoscar.com/audio/en-us/lord-listen-to-my-prayer.mp3","<div class='column'></div>","my listen to lord prayer"
"LORD, LORD JESUS","","106","36","pre","","0","https://aleyoscar.com/audio/en-us/lord-lord-jesus.mp3","<div class='column'></div>","jesus lord"
"LORD YOU SEARCH ME","","233","213","cat","","0","https://aleyoscar.com/audio/en-us/lord-you-search-me.mp3","<div class='column'></div>","search me you lord"
"MAGNIFICAT","","108","47","pre","hym","0","https://aleyoscar.com/audio/en-us/magnificat.mp3","<div class='column'></div>","magnificat"
"MARIA DI JASNA GORA","","110","118","pre","vir","0","https://aleyoscar.com/audio/en-us/maria-di-jasna-gora.mp3","<div class='column'></div>","di gora maria jasna"
"MARY, HOUSE OF BENEDICTION","","109","108","pre","vir","0","https://aleyoscar.com/audio/en-us/mary-house-of-benediction.mp3","<div class='column'></div>","mary house of benediction"
"MARY, LITTLE MARY","","113","65","pre","vir","0","https://aleyoscar.com/audio/en-us/mary-little-mary.mp3","<div class='column'></div>","mary little"
"MARY, MOTHER OF THE BURNING WAY","","112","129","pre","vir","0","https://aleyoscar.com/audio/en-us/mary-mother-of-the-burning-way.mp3","<div class='column'></div>","of burning mary mother the way"
"MARY, MOTHER OF THE CHURCH","","111","102","pre","vir","0","https://aleyoscar.com/audio/en-us/mary-mother-of-the-church.mp3","<div class='column'></div>","of mary church mother the"
"MISERERE","","118","62","pre","","0","https://aleyoscar.com/audio/en-us/miserere.mp3","<div class='column'></div>","miserere"
"MOTHER, MOTHER CITY OF GOD","","154","221","cat","","0","https://aleyoscar.com/audio/en-us/mother-mother-city-of-god.mp3","<div class='column'></div>","mother of god city"
"MUCH HAVE THEY PERSECUTED ME","","119","127","pre","","0","https://aleyoscar.com/audio/en-us/much-have-they-persecuted-me.mp3","<div class='column'></div>","much me have persecuted they"
"MY BELOVED IS TO ME","","240","268","ele","","0","https://aleyoscar.com/audio/en-us/my-beloved-is-to-me.mp3","<div class='column'></div>","my to beloved is me"
"NO ONE CAN SERVE TWO MASTERS","","229","216","cat","","0","https://aleyoscar.com/audio/en-us/no-one-can-serve-two-masters.mp3","<div class='column'></div>","no serve masters two one can"
"NOLI ME TANGERE","","122","287","ele","","0","https://aleyoscar.com/audio/en-us/noli-me-tangere.mp3","<div class='column'></div>","tangere noli me"
"O GOD, BY YOUR NAME SAVE ME","","124","134","pre","","0","https://aleyoscar.com/audio/en-us/o-god-by-your-name-save-me.mp3","<div class='column'></div>","by your o name god save me"
"O GOD, YOU ARE MY GOD","","125","85-1","pre","","0","https://aleyoscar.com/audio/en-us/o-god-you-are-my-god.mp3","<div class='column'></div>","my are o you god"
"O HEAVENS, RAIN FROM ABOVE","","123","51","pre","","0","https://aleyoscar.com/audio/en-us/o-heavens-rain-from-above.mp3","<div class='column'></div>","from o heavens above rain"
"O JESUS, MY LOVE","","126","279","ele","var","0","https://aleyoscar.com/audio/en-us/o-jesus-my-love.mp3","<div class='column'></div>","my jesus o love"
"O LORD, DO NOT PUNISH ME IN YOUR ANGER","","147","124","pre","","0","https://aleyoscar.com/audio/en-us/o-lord-do-not-punish-me-in-your-anger.mp3","<div class='column'></div>","your o lord do anger me punish not in"
"O LORD, HELP ME, LORD","","146","288","ele","var","0","https://aleyoscar.com/audio/en-us/o-lord-help-me-lord.mp3","<div class='column'></div>","help me o lord"
"O LORD, MY HEART HAS NO MORE PRETENSIONS","","232","217-1","cat","","0","https://aleyoscar.com/audio/en-us/o-lord-my-heart-has-no-more-pretensions.mp3","<div class='column'></div>","my no more pretensions o heart lord has"
"O LORD, OUR GOD","","128","105","pre","","0","https://aleyoscar.com/audio/en-us/o-lord-our-god.mp3","<div class='column'></div>","god o our lord"
"OH LORD, YOU ARE MY GOD","","175","35-2","pre","","0","https://aleyoscar.com/audio/en-us/oh-lord-you-are-my-god.mp3","<div class='column'></div>","my oh are you lord god"
"PENITENTIAL LITANIES","","191","1","lit","heb|poe","0","https://aleyoscar.com/audio/en-us/penitential-litanies.mp3","<div class='column'></div>","litanies penitential"
"PENTECOST","","131","52","pre","var","0","https://aleyoscar.com/audio/en-us/pentecost.mp3","<div class='column'></div>","pentecost"
"PRAISE THE LORD ALL PEOPLES OF THE EARTH","","32","56","pre","","0","https://aleyoscar.com/audio/en-us/praise-the-lord-all-peoples-of-the-earth.mp3","<div class='column'></div>","peoples of all lord the earth praise"
"PRAISE THE LORD FROM THE HEAVENS","","11","42","pre","","0","https://aleyoscar.com/audio/en-us/praise-the-lord-from-the-heavens.mp3","<div class='column'></div>","from lord heavens the praise"
"PRAYER OF THE FAITHFUL IN A SOLEMNITY","","211","27-2","lit","var","0","https://aleyoscar.com/audio/en-us/prayer-of-the-faithful-in-a-solemnity.mp3","<div class='column'></div>","a of the faithful prayer solemnity in"
"PREFACE","","205","14","lit","pas","0","https://aleyoscar.com/audio/en-us/preface.mp3","<div class='column'></div>","preface"
"RESURREXIT","","143","145","pre","","0","https://aleyoscar.com/audio/en-us/resurrexit.mp3","<div class='column'></div>","resurrexit"
"SAYS THE LORD TO MY LORD","","51","111","pre","","0","https://aleyoscar.com/audio/en-us/says-the-lord-to-my-lord.mp3","<div class='column'></div>","my to lord the says"
"SEQUENCE OF PENTECOST","","167","20","lit","hym","0","https://aleyoscar.com/audio/en-us/sequence-of-pentecost.mp3","<div class='column'></div>","of sequence pentecost"
"SHE-LAMB OF GOD","","96","272","ele","vir","0","https://aleyoscar.com/audio/en-us/shelamb-of-god.mp3","<div class='column'></div>","shelamb of god"
"SHEMA ISRAEL","","234","218","cat","","0","https://aleyoscar.com/audio/en-us/shema-israel.mp3","<div class='column'></div>","shema israel"
"SHEPHERDS, LET US GO","","165","116","pre","lib","0","https://aleyoscar.com/audio/en-us/shepherds-let-us-go.mp3","<div class='column'></div>","us let go shepherds"
"SHLOM LEKH MARIAM","","149","130","pre","vir","0","https://aleyoscar.com/audio/en-us/shlom-lekh-mariam.mp3","<div class='column'></div>","shlom mariam lekh"
"SHOUT FOR JOY","","78","79-2","pre","","0","https://aleyoscar.com/audio/en-us/shout-for-joy.mp3","<div class='column'></div>","for joy shout"
"SIT DOWN ALONE AND IN SILENCE","","235","201","cat","","0","https://aleyoscar.com/audio/en-us/sit-down-alone-and-in-silence.mp3","<div class='column'></div>","down alone sit silence and in"
"SONG OF BALAAM","","24","87","pre","","0","https://aleyoscar.com/audio/en-us/song-of-balaam.mp3","<div class='column'></div>","song balaam of"
"SONG OF DEBORAH","","223","205","cat","","0","https://aleyoscar.com/audio/en-us/song-of-deborah.mp3","<div class='column'></div>","song deborah of"
"SONG OF MOSES","","34","55","pre","","0","https://aleyoscar.com/audio/en-us/song-of-moses.mp3","<div class='column'></div>","song moses of"
"SONG OF THE CHILDREN IN THE EASTER VIGIL","","133","81","pre","lib|heb","0","https://aleyoscar.com/audio/en-us/song-of-the-children-in-the-easter-vigil.mp3","<div class='column'></div>","of easter children song the vigil in"
"SONG OF THE HARVESTERS","","100","110","pre","","0","https://aleyoscar.com/audio/en-us/song-of-the-harvesters.mp3","<div class='column'></div>","harvesters song the of"
"STABAT MATER","","156","103","pre","hym|vir","0","https://aleyoscar.com/audio/en-us/stabat-mater.mp3","<div class='column'></div>","mater stabat"
"TAKE ME TO HEAVEN","","107","280","ele","var","0","https://aleyoscar.com/audio/en-us/take-me-to-heaven.mp3","<div class='column'></div>","to heaven take me"
"TE DEUM","","220","28","lit","hym","0","https://aleyoscar.com/audio/en-us/te-deum.mp3","<div class='column'></div>","te deum"
"TELL ALL THE FAINT-HEARTED","","48","84","pre","","0","https://aleyoscar.com/audio/en-us/tell-all-the-fainthearted.mp3","<div class='column'></div>","tell the all fainthearted"
"THE ARMOR OF GOD","","102","220","cat","","0","https://aleyoscar.com/audio/en-us/the-armor-of-god.mp3","<div class='column'></div>","armor the of god"
"THE CHILDREN OF BETHLEHEM","","258","117","pre","lib","0","https://aleyoscar.com/audio/en-us/the-children-of-bethlehem.mp3","<div class='column'></div>","the bethlehem of children"
"THE DARK NIGHT","","65","290","ele","var","0","https://aleyoscar.com/audio/en-us/the-dark-night.mp3","<div class='column'></div>","the night dark"
"THE DOVE HOVERED OVER","","242","277","ele","sal","0","https://aleyoscar.com/audio/en-us/the-dove-hovered-over.mp3","<div class='column'></div>","over the dove hovered"
"THE FOOLISH ONE THINKS THERE IS NO GOD","","58","135","pre","","0","https://aleyoscar.com/audio/en-us/the-foolish-one-thinks-there-is-no-god.mp3","<div class='column'></div>","thinks no foolish there god the one is"
"THE KINGS SHALL SEE YOU","","70","203","cat","","0","https://aleyoscar.com/audio/en-us/the-kings-shall-see-you.mp3","<div class='column'></div>","kings see you the shall"
"THE LORD ANNOUNCES A GOOD NEWS","","60","98","pre","","0","https://aleyoscar.com/audio/en-us/the-lord-announces-a-good-news.mp3","<div class='column'></div>","a good news lord the announces"
"THE LORD HAS GIVEN ME","","62","207","con","pan","0","https://aleyoscar.com/audio/en-us/the-lord-has-given-me.mp3","<div class='column'></div>","lord given has the me"
"THE LORD IS MY LIGHT AND MY SALVATION","","259","44-1","pre","","0","https://aleyoscar.com/audio/en-us/the-lord-is-my-light-and-my-salvation.mp3","<div class='column'></div>","my light salvation lord the is and"
"THE LORD IS MY SHEPHERD","","61","59","pre","","0","https://aleyoscar.com/audio/en-us/the-lord-is-my-shepherd.mp3","<div class='column'></div>","my lord the is shepherd"
"THE MARCH IS HARD","","98","32-2","pre","var","0","https://aleyoscar.com/audio/en-us/the-march-is-hard.mp3","<div class='column'></div>","march the is hard"
"THE MESSIAH, LION TO VANQUISH","","57","146","pre","pan","0","https://aleyoscar.com/audio/en-us/the-messiah-lion-to-vanquish.mp3","<div class='column'></div>","to messiah the vanquish lion"
"THE PEOPLE WHO WALKED IN DARKNESS","","59","86","pre","","0","https://aleyoscar.com/audio/en-us/the-people-who-walked-in-darkness.mp3","<div class='column'></div>","people the who walked in darkness"
"THE SAME GOD","","224","263","ele","","0","https://aleyoscar.com/audio/en-us/the-same-god.mp3","<div class='column'></div>","god the same"
"THE SERMON ON THE MOUNTAIN","","148","291","ele","","0","https://aleyoscar.com/audio/en-us/the-sermon-on-the-mountain.mp3","<div class='column'></div>","mountain the sermon on"
"THE SONG OF THE LAMB","","66","274","con","pan","0","https://aleyoscar.com/audio/en-us/the-song-of-the-lamb.mp3","<div class='column'></div>","lamb song the of"
"THE SOWER","","225","209","cat","","0","https://aleyoscar.com/audio/en-us/the-sower.mp3","<div class='column'></div>","the sower"
"THE SPIRIT OF THE LORD IS UPON ME","","54","210-1","cat","","0","https://aleyoscar.com/audio/en-us/the-spirit-of-the-lord-is-upon-me.mp3","<div class='column'></div>","of lord spirit the is upon me"
"THE VOICE OF MY BELOVED","","101","276","ele","","0","https://aleyoscar.com/audio/en-us/the-voice-of-my-beloved.mp3","<div class='column'></div>","my of beloved the voice"
"THE WHITE HORSE","","53","206","cat","","0","https://aleyoscar.com/audio/en-us/the-white-horse.mp3","<div class='column'></div>","the white horse"
"THERE WERE TWO ANGELS","","145","93","pre","lib|heb","0","https://aleyoscar.com/audio/en-us/there-were-two-angels.mp3","<div class='column'></div>","there angels two were"
"THIS IS MY COMMANDMENT","","72","294","ele","","0","https://aleyoscar.com/audio/en-us/this-is-my-commandment.mp3","<div class='column'></div>","my this is commandment"
"THUS SPEAKS THE AMEN","","20","202","cat","","0","https://aleyoscar.com/audio/en-us/thus-speaks-the-amen.mp3","<div class='column'></div>","speaks thus amen the"
"TO THE PASCHAL VICTIM","","1","69","pre","hym","0","https://aleyoscar.com/audio/en-us/to-the-paschal-victim.mp3","<div class='column'></div>","to the victim paschal"
"TO YOU I LIFT UP MY EYES","","3","123","pre","","0","https://aleyoscar.com/audio/en-us/to-you-i-lift-up-my-eyes.mp3","<div class='column'></div>","my lift to up you i eyes"
"TO YOU, O LORD, I LIFT UP MY SOUL","","5","121","pre","","0","https://aleyoscar.com/audio/en-us/to-you-o-lord-i-lift-up-my-soul.mp3","<div class='column'></div>","my lift to o you up lord i soul"
"TO YOU, O LORD, WITH MY VOICE I CRY FOR HELP","","4","119","pre","","0","https://aleyoscar.com/audio/en-us/to-you-o-lord-with-my-voice-i-cry-for-help.mp3","<div class='column'></div>","my for to o you lord help i with voice cry"
"TO YOU O LORD","","6","96","pre","","0","https://aleyoscar.com/audio/en-us/to-you-o-lord.mp3","<div class='column'></div>","to o you lord"
"TOWARDS YOU HOLY CITY","","79","32-1","pre","var","0","https://aleyoscar.com/audio/en-us/towards-you-holy-city.mp3","<div class='column'></div>","holy you towards city"
"URÍ URÍ URÁ","","164","71-1","pre","lib","0","https://aleyoscar.com/audio/en-us/uri-uri-ura.mp3","<div class='column'></div>","uri ura"
"VIRGIN OF WONDER","","171","107","pre","vir","0","https://aleyoscar.com/audio/en-us/virgin-of-wonder.mp3","<div class='column'></div>","wonder virgin of"
"WHEN I AWAKE","","10","80","pre","","0","https://aleyoscar.com/audio/en-us/when-i-awake.mp3","<div class='column'></div>","i when awake"
"WHEN ISRAEL CAME OUT OF EGYPT","","44","57","pre","","0","https://aleyoscar.com/audio/en-us/when-israel-came-out-of-egypt.mp3","<div class='column'></div>","egypt israel out of when came"
"WHEN THE LORD","","43","48","pre","","0","https://aleyoscar.com/audio/en-us/when-the-lord.mp3","<div class='column'></div>","the when lord"
"WHILE I WAS SLEEPING","","222","270","ele","","0","https://aleyoscar.com/audio/en-us/while-i-was-sleeping.mp3","<div class='column'></div>","was while i sleeping"
"WHO IS SHE","","138","275","ele","","0","https://aleyoscar.com/audio/en-us/who-is-she.mp3","<div class='column'></div>","she who is"
"WHO IS THIS WHO COMES FROM EDOM - THE WINEPRESSER","","56","208","con","pan","0","https://aleyoscar.com/audio/en-us/who-is-this-who-comes-from-edom-the-winepresser.mp3","<div class='column'></div>","from this the edom who is comes winepresser"
"WHO WILL SEPARATE US","","139","46","pre","","0","https://aleyoscar.com/audio/en-us/who-will-separate-us.mp3","<div class='column'></div>","us will who separate"
"WHY DO THE NATIONS CONSPIRE?","","134","77","pre","","0","https://aleyoscar.com/audio/en-us/why-do-the-nations-conspire.mp3","<div class='column'></div>","conspire do the nations why"
"YOU ARE BEAUTIFUL, MY BELOVED, AS TIRZAH","","241","292","ele","","0","https://aleyoscar.com/audio/en-us/you-are-beautiful-my-beloved-as-tirzah.mp3","<div class='column'></div>","my are you beloved tirzah beautiful as"
"YOU ARE BEAUTIFUL","","67","113","pre","","0","https://aleyoscar.com/audio/en-us/you-are-beautiful.mp3","<div class='column'></div>","are you beautiful"
"YOU ARE MY HOPE, O LORD","","236","281","ele","sal","0","https://aleyoscar.com/audio/en-us/you-are-my-hope-o-lord.mp3","<div class='column'></div>","my hope are o you lord"
"YOU ARE THE WAY","","221","211","cat","sal","0","https://aleyoscar.com/audio/en-us/you-are-the-way.mp3","<div class='column'></div>","the are you way"
"YOU HAVE SEDUCED ME, O LORD","","115","289","ele","","0","https://aleyoscar.com/audio/en-us/you-have-seduced-me-o-lord.mp3","<div class='column'></div>","o you lord have me seduced"
"YOU STOLE MY HEART","","243","295","ele","","0","https://aleyoscar.com/audio/en-us/you-stole-my-heart.mp3","<div class='column'></div>","my stole you heart"
"YOU WHO DWELL IN THE GARDENS","","91","271","ele","","0","https://aleyoscar.com/audio/en-us/you-who-dwell-in-the-gardens.mp3","<div class='column'></div>","gardens you the who in dwell"
"YOU WILL SHOW ME THE PATH OF LIFE","","114","133","pre","","0","https://aleyoscar.com/audio/en-us/you-will-show-me-the-path-of-life.mp3","<div class='column'></div>","path of will show life you the me"
"ZACCHEUS","","178","142","pre","","0","https://aleyoscar.com/audio/en-us/zaccheus.mp3","<div class='column'></div>","zaccheus"
